{"v":"5.5.7","meta":{"g":"LottieFiles AE 0.1.20","a":"","k":"","d":"","tc":""},"fr":30,"ip":45,"op":120,"w":2000,"h":2000,"nm":"1","ddd":0,"assets":[],"layers":[{"ddd":0,"ind":1,"ty":4,"nm":"Shape Layer 2","sr":1,"ks":{"o":{"a":0,"k":100,"ix":11},"r":{"a":0,"k":0,"ix":10},"p":{"a":1,"k":[{"i":{"x":0.802,"y":0.426},"o":{"x":0.595,"y":0},"t":47,"s":[1774,1000,0],"to":[0,427.468,0],"ti":[427.468,0,0]},{"i":{"x":0.569,"y":0.653},"o":{"x":0.288,"y":0.305},"t":57.972,"s":[1000,1774,0],"to":[-427.468,0,0],"ti":[0,427.468,0]},{"i":{"x":0.533,"y":0.695},"o":{"x":0.227,"y":0.347},"t":62,"s":[226,1000,0],"to":[0,-427.468,0],"ti":[-427.468,0,0]},{"i":{"x":0.476,"y":1},"o":{"x":0.18,"y":0.574},"t":69.646,"s":[1000,226,0],"to":[427.468,0,0],"ti":[0,-427.468,0]},{"t":107,"s":[1774,1000,0]}],"ix":2},"a":{"a":0,"k":[-714,50,0],"ix":1},"s":{"a":0,"k":[100,100,100],"ix":6}},"ao":0,"shapes":[{"ty":"gr","it":[{"d":1,"ty":"el","s":{"a":0,"k":[276,276],"ix":2},"p":{"a":0,"k":[0,0],"ix":3},"nm":"Ellipse Path 1","mn":"ADBE Vector Shape - Ellipse","hd":false},{"ty":"fl","c":{"a":0,"k":[0.090196078431,0.247058838489,0.372549019608,1],"ix":4},"o":{"a":0,"k":100,"ix":5},"r":1,"bm":0,"nm":"Fill 1","mn":"ADBE Vector Graphic - Fill","hd":false},{"ty":"tr","p":{"a":0,"k":[-714,50],"ix":2},"a":{"a":0,"k":[0,0],"ix":1},"s":{"a":0,"k":[100,100],"ix":3},"r":{"a":0,"k":0,"ix":6},"o":{"a":0,"k":100,"ix":7},"sk":{"a":0,"k":0,"ix":4},"sa":{"a":0,"k":0,"ix":5},"nm":"Transform"}],"nm":"Ellipse 1","np":3,"cix":2,"bm":0,"ix":1,"mn":"ADBE Vector Group","hd":false}],"ip":0,"op":4035,"st":47,"bm":0},{"ddd":0,"ind":2,"ty":4,"nm":"Shape Layer 3","sr":1,"ks":{"o":{"a":0,"k":100,"ix":11},"r":{"a":0,"k":0,"ix":10},"p":{"a":1,"k":[{"i":{"x":0.802,"y":0.426},"o":{"x":0.595,"y":0},"t":51,"s":[1774,1000,0],"to":[0,427.468,0],"ti":[427.468,0,0]},{"i":{"x":0.569,"y":0.653},"o":{"x":0.288,"y":0.305},"t":61.972,"s":[1000,1774,0],"to":[-427.468,0,0],"ti":[0,427.468,0]},{"i":{"x":0.533,"y":0.695},"o":{"x":0.227,"y":0.347},"t":66,"s":[226,1000,0],"to":[0,-427.468,0],"ti":[-427.468,0,0]},{"i":{"x":0.476,"y":1},"o":{"x":0.18,"y":0.574},"t":73.646,"s":[1000,226,0],"to":[427.468,0,0],"ti":[0,-427.468,0]},{"t":111,"s":[1774,1000,0]}],"ix":2},"a":{"a":0,"k":[-714,50,0],"ix":1},"s":{"a":0,"k":[100,100,100],"ix":6}},"ao":0,"shapes":[{"ty":"gr","it":[{"d":1,"ty":"el","s":{"a":0,"k":[276,276],"ix":2},"p":{"a":0,"k":[0,0],"ix":3},"nm":"Ellipse Path 1","mn":"ADBE Vector Shape - Ellipse","hd":false},{"ty":"fl","c":{"a":0,"k":[0.125490196078,0.388235324037,0.607843137255,1],"ix":4},"o":{"a":0,"k":100,"ix":5},"r":1,"bm":0,"nm":"Fill 1","mn":"ADBE Vector Graphic - Fill","hd":false},{"ty":"fl","c":{"a":0,"k":[0.125490196078,0.388235324037,0.607843137255,1],"ix":4},"o":{"a":0,"k":100,"ix":5},"r":1,"bm":0,"nm":"Fill 2","mn":"ADBE Vector Graphic - Fill","hd":false},{"ty":"tr","p":{"a":0,"k":[-714,50],"ix":2},"a":{"a":0,"k":[0,0],"ix":1},"s":{"a":0,"k":[100,100],"ix":3},"r":{"a":0,"k":0,"ix":6},"o":{"a":0,"k":100,"ix":7},"sk":{"a":0,"k":0,"ix":4},"sa":{"a":0,"k":0,"ix":5},"nm":"Transform"}],"nm":"Ellipse 1","np":4,"cix":2,"bm":0,"ix":1,"mn":"ADBE Vector Group","hd":false}],"ip":4,"op":4039,"st":51,"bm":0},{"ddd":0,"ind":3,"ty":4,"nm":"Shape Layer 4","sr":1,"ks":{"o":{"a":0,"k":100,"ix":11},"r":{"a":0,"k":0,"ix":10},"p":{"a":1,"k":[{"i":{"x":0.802,"y":0.426},"o":{"x":0.595,"y":0},"t":55,"s":[1774,1000,0],"to":[0,427.468,0],"ti":[427.468,0,0]},{"i":{"x":0.569,"y":0.653},"o":{"x":0.288,"y":0.305},"t":65.972,"s":[1000,1774,0],"to":[-427.468,0,0],"ti":[0,427.468,0]},{"i":{"x":0.533,"y":0.695},"o":{"x":0.227,"y":0.347},"t":70,"s":[226,1000,0],"to":[0,-427.468,0],"ti":[-427.468,0,0]},{"i":{"x":0.476,"y":1},"o":{"x":0.18,"y":0.574},"t":77.646,"s":[1000,226,0],"to":[427.468,0,0],"ti":[0,-427.468,0]},{"t":115,"s":[1774,1000,0]}],"ix":2},"a":{"a":0,"k":[-714,50,0],"ix":1},"s":{"a":0,"k":[100,100,100],"ix":6}},"ao":0,"shapes":[{"ty":"gr","it":[{"d":1,"ty":"el","s":{"a":0,"k":[276,276],"ix":2},"p":{"a":0,"k":[0,0],"ix":3},"nm":"Ellipse Path 1","mn":"ADBE Vector Shape - Ellipse","hd":false},{"ty":"fl","c":{"a":0,"k":[0.235294132607,0.682352941176,0.639215686275,1],"ix":4},"o":{"a":0,"k":100,"ix":5},"r":1,"bm":0,"nm":"Fill 1","mn":"ADBE Vector Graphic - Fill","hd":false},{"ty":"fl","c":{"a":0,"k":[0.235294132607,0.682352941176,0.639215686275,1],"ix":4},"o":{"a":0,"k":100,"ix":5},"r":1,"bm":0,"nm":"Fill 2","mn":"ADBE Vector Graphic - Fill","hd":false},{"ty":"tr","p":{"a":0,"k":[-714,50],"ix":2},"a":{"a":0,"k":[0,0],"ix":1},"s":{"a":0,"k":[100,100],"ix":3},"r":{"a":0,"k":0,"ix":6},"o":{"a":0,"k":100,"ix":7},"sk":{"a":0,"k":0,"ix":4},"sa":{"a":0,"k":0,"ix":5},"nm":"Transform"}],"nm":"Ellipse 1","np":4,"cix":2,"bm":0,"ix":1,"mn":"ADBE Vector Group","hd":false}],"ip":8,"op":4043,"st":55,"bm":0},{"ddd":0,"ind":4,"ty":4,"nm":"Shape Layer 5","sr":1,"ks":{"o":{"a":0,"k":100,"ix":11},"r":{"a":0,"k":0,"ix":10},"p":{"a":1,"k":[{"i":{"x":0.802,"y":0.426},"o":{"x":0.595,"y":0},"t":59,"s":[1774,1000,0],"to":[0,427.468,0],"ti":[427.468,0,0]},{"i":{"x":0.569,"y":0.653},"o":{"x":0.288,"y":0.305},"t":69.972,"s":[1000,1774,0],"to":[-427.468,0,0],"ti":[0,427.468,0]},{"i":{"x":0.533,"y":0.695},"o":{"x":0.227,"y":0.347},"t":74,"s":[226,1000,0],"to":[0,-427.468,0],"ti":[-427.468,0,0]},{"i":{"x":0.476,"y":1},"o":{"x":0.18,"y":0.574},"t":81.646,"s":[1000,226,0],"to":[427.468,0,0],"ti":[0,-427.468,0]},{"t":119,"s":[1774,1000,0]}],"ix":2},"a":{"a":0,"k":[-714,50,0],"ix":1},"s":{"a":0,"k":[100,100,100],"ix":6}},"ao":0,"shapes":[{"ty":"gr","it":[{"d":1,"ty":"el","s":{"a":0,"k":[276,276],"ix":2},"p":{"a":0,"k":[0,0],"ix":3},"nm":"Ellipse Path 1","mn":"ADBE Vector Shape - Ellipse","hd":false},{"ty":"fl","c":{"a":0,"k":[0.964705942191,0.835294177485,0.360784313725,1],"ix":4},"o":{"a":0,"k":100,"ix":5},"r":1,"bm":0,"nm":"Fill 1","mn":"ADBE Vector Graphic - Fill","hd":false},{"ty":"fl","c":{"a":0,"k":[0.964705942191,0.835294177485,0.360784313725,1],"ix":4},"o":{"a":0,"k":100,"ix":5},"r":1,"bm":0,"nm":"Fill 2","mn":"ADBE Vector Graphic - Fill","hd":false},{"ty":"tr","p":{"a":0,"k":[-714,50],"ix":2},"a":{"a":0,"k":[0,0],"ix":1},"s":{"a":0,"k":[100,100],"ix":3},"r":{"a":0,"k":0,"ix":6},"o":{"a":0,"k":100,"ix":7},"sk":{"a":0,"k":0,"ix":4},"sa":{"a":0,"k":0,"ix":5},"nm":"Transform"}],"nm":"Ellipse 1","np":4,"cix":2,"bm":0,"ix":1,"mn":"ADBE Vector Group","hd":false}],"ip":12,"op":4047,"st":59,"bm":0},{"ddd":0,"ind":5,"ty":4,"nm":"Shape Layer 6","sr":1,"ks":{"o":{"a":0,"k":100,"ix":11},"r":{"a":0,"k":0,"ix":10},"p":{"a":1,"k":[{"i":{"x":0.802,"y":0.426},"o":{"x":0.595,"y":0},"t":63,"s":[1774,1000,0],"to":[0,427.468,0],"ti":[427.468,0,0]},{"i":{"x":0.569,"y":0.653},"o":{"x":0.288,"y":0.305},"t":73.972,"s":[1000,1774,0],"to":[-427.468,0,0],"ti":[0,427.468,0]},{"i":{"x":0.533,"y":0.695},"o":{"x":0.227,"y":0.347},"t":78,"s":[226,1000,0],"to":[0,-427.468,0],"ti":[-427.468,0,0]},{"i":{"x":0.476,"y":1},"o":{"x":0.18,"y":0.574},"t":85.646,"s":[1000,226,0],"to":[427.468,0,0],"ti":[0,-427.468,0]},{"t":123,"s":[1774,1000,0]}],"ix":2},"a":{"a":0,"k":[-714,50,0],"ix":1},"s":{"a":0,"k":[100,100,100],"ix":6}},"ao":0,"shapes":[{"ty":"gr","it":[{"d":1,"ty":"el","s":{"a":0,"k":[276,276],"ix":2},"p":{"a":0,"k":[0,0],"ix":3},"nm":"Ellipse Path 1","mn":"ADBE Vector Shape - Ellipse","hd":false},{"ty":"fl","c":{"a":0,"k":[0.929411824544,0.333333333333,0.231372563979,1],"ix":4},"o":{"a":0,"k":100,"ix":5},"r":1,"bm":0,"nm":"Fill 1","mn":"ADBE Vector Graphic - Fill","hd":false},{"ty":"fl","c":{"a":0,"k":[0.929411824544,0.333333333333,0.231372563979,1],"ix":4},"o":{"a":0,"k":100,"ix":5},"r":1,"bm":0,"nm":"Fill 2","mn":"ADBE Vector Graphic - Fill","hd":false},{"ty":"tr","p":{"a":0,"k":[-714,50],"ix":2},"a":{"a":0,"k":[0,0],"ix":1},"s":{"a":0,"k":[100,100],"ix":3},"r":{"a":0,"k":0,"ix":6},"o":{"a":0,"k":100,"ix":7},"sk":{"a":0,"k":0,"ix":4},"sa":{"a":0,"k":0,"ix":5},"nm":"Transform"}],"nm":"Ellipse 1","np":4,"cix":2,"bm":0,"ix":1,"mn":"ADBE Vector Group","hd":false}],"ip":16,"op":4051,"st":63,"bm":0}],"markers":[]}