{"v":"4.8.0","meta":{"g":"LottieFiles AE ","a":"","k":"","d":"","tc":""},"fr":30,"ip":0,"op":90,"w":200,"h":200,"nm":"Comp 1","ddd":0,"assets":[],"layers":[{"ddd":0,"ind":1,"ty":4,"nm":"Shape Layer 5","sr":1,"ks":{"o":{"a":0,"k":100,"ix":11},"r":{"a":0,"k":0,"ix":10},"p":{"a":0,"k":[99.774,97.962,0],"ix":2},"a":{"a":0,"k":[0,0,0],"ix":1},"s":{"a":0,"k":[40,40,100],"ix":6}},"ao":0,"shapes":[{"ty":"gr","it":[{"ind":0,"ty":"sh","ix":1,"ks":{"a":1,"k":[{"i":{"x":0.833,"y":0.833},"o":{"x":0.167,"y":0.167},"t":0,"s":[{"i":[[34.748,-120.17],[125.026,-4.087],[42.522,117.644],[-98.746,76.795],[-103.55,-70.182]],"o":[[-34.748,120.17],[-125.026,4.087],[-42.522,-117.644],[98.746,-76.795],[103.55,70.182]],"v":[[-83,-24],[-2.823,-86.354],[81.255,-29.37],[53.042,68.203],[-48.474,71.521]],"c":true}]},{"i":{"x":0.833,"y":0.833},"o":{"x":0.167,"y":0.167},"t":45,"s":[{"i":[[-66.301,229.292],[-238.558,7.799],[-81.136,-224.472],[188.414,-146.53],[197.582,133.912]],"o":[[66.301,-229.292],[238.558,-7.799],[81.136,224.472],[-188.414,146.53],[-197.582,-133.912]],"v":[[-83,-24],[-2.823,-86.354],[81.255,-29.37],[53.042,68.203],[-48.474,71.521]],"c":true}]},{"t":89,"s":[{"i":[[34.748,-120.17],[125.026,-4.087],[42.522,117.644],[-98.746,76.795],[-103.55,-70.182]],"o":[[-34.748,120.17],[-125.026,4.087],[-42.522,-117.644],[98.746,-76.795],[103.55,70.182]],"v":[[-83,-24],[-2.823,-86.354],[81.255,-29.37],[53.042,68.203],[-48.474,71.521]],"c":true}]}],"ix":2},"nm":"Path 1","mn":"ADBE Vector Shape - Group","hd":false},{"ty":"st","c":{"a":0,"k":[0.085259994806,0.231632995605,0.776471007104,1],"ix":3},"o":{"a":0,"k":100,"ix":4},"w":{"a":0,"k":0,"ix":5},"lc":1,"lj":1,"ml":4,"bm":0,"nm":"Stroke 1","mn":"ADBE Vector Graphic - Stroke","hd":false},{"ty":"fl","c":{"a":1,"k":[{"i":{"x":[0.833],"y":[0.833]},"o":{"x":[0.167],"y":[0.167]},"t":0,"s":[0.803921580315,0.705882370472,0.858823537827,1]},{"i":{"x":[0.833],"y":[0.833]},"o":{"x":[0.167],"y":[0.167]},"t":15,"s":[0.741176486015,0.878431379795,0.996078431606,1]},{"i":{"x":[0.833],"y":[0.833]},"o":{"x":[0.167],"y":[0.167]},"t":30,"s":[0.635294139385,0.823529422283,1,1]},{"i":{"x":[0.833],"y":[0.833]},"o":{"x":[0.167],"y":[0.167]},"t":45,"s":[0.803921580315,0.705882370472,0.858823537827,1]},{"i":{"x":[0.833],"y":[0.833]},"o":{"x":[0.167],"y":[0.167]},"t":61,"s":[1,0.686274528503,0.800000011921,1]},{"i":{"x":[0.833],"y":[0.833]},"o":{"x":[0.167],"y":[0.167]},"t":76,"s":[1,0.784313738346,0.866666674614,1]},{"t":89,"s":[0.803921580315,0.705882370472,0.858823537827,1]}],"ix":4},"o":{"a":0,"k":100,"ix":5},"r":1,"bm":0,"nm":"Fill 1","mn":"ADBE Vector Graphic - Fill","hd":false},{"ty":"tr","p":{"a":0,"k":[1,10],"ix":2},"a":{"a":0,"k":[0,0],"ix":1},"s":{"a":1,"k":[{"i":{"x":[0.833,0.833],"y":[0.833,0.833]},"o":{"x":[0.167,0.167],"y":[0.167,0.167]},"t":0,"s":[269,269]},{"i":{"x":[0.833,0.833],"y":[0.833,0.833]},"o":{"x":[0.167,0.167],"y":[0.167,0.167]},"t":45,"s":[127,127]},{"t":89,"s":[269,269]}],"ix":3},"r":{"a":1,"k":[{"i":{"x":[0.833],"y":[0.833]},"o":{"x":[0.167],"y":[0.167]},"t":0,"s":[0]},{"i":{"x":[0.833],"y":[0.833]},"o":{"x":[0.167],"y":[0.167]},"t":45,"s":[36.5]},{"t":89,"s":[72]}],"ix":6},"o":{"a":0,"k":100,"ix":7},"sk":{"a":0,"k":0,"ix":4},"sa":{"a":0,"k":0,"ix":5},"nm":"Transform"}],"nm":"Polystar 1","np":3,"cix":2,"bm":0,"ix":1,"mn":"ADBE Vector Group","hd":false}],"ip":0,"op":90,"st":0,"bm":0}],"markers":[]}